Summary,Issue key,Issue id,Issue Type,Status,Project key,Project name,Project type,Project lead,Project description,Project url,Priority,Resolution,Assignee,Reporter,Creator,Created,Updated,Last Viewed,Resolved,Fix Version/s,Due Date,Votes,Labels,Description,Environment,Watchers,Original Estimate,Remaining Estimate,Time Spent,Work Ratio,Σ Original Estimate,Σ Remaining Estimate,Σ Time Spent,Security Level,Attachment,Custom field (Development),Custom field (Epic Color),Custom field (Epic Link),Custom field (Epic Name),Custom field (Epic Status),Custom field (External issue ID),Custom field (Raised during),Custom field (Rank),Sprint,Sprint,Sprint,Custom field (Story Points),Custom field (Test sessions),Custom field (Testing status),Custom field ([CHART] Date of First Response),Comment,Comment
Generate a Program Overview PDF,JWP-13,10012,Story,To Do,JWP,jwprogram,software,admin,,,Highest,,,admin,admin,28/Jun/16 9:27 AM,04/Mar/17 4:41 PM,24/Feb/18 2:42 PM,,1.0,,0,,http://duckranger.com/2010/12/display-a-generated-pdf-from-within-spring-webflow/,,denisbittante,144000,144000,,0%,144000,144000,,,,{},,JWP-99,,,13,,0|i000g3:,JwProgra Sprint 1,JwProgra Sprint 2,JwProgra Sprint 3,5.0,,,2016-07-05 07:53:01.71,05/Jul/16 9:53 AM;denisbittante;,
A programowner want to create absences for People too,JWP-32,10031,Story,To Do,JWP,jwprogram,software,admin,,,Highest,,,admin,admin,14/Aug/16 8:25 PM,04/Mar/17 4:39 PM,24/Feb/18 2:42 PM,,1.0,,0,Absence,,,denisbittante,144000,144000,,0%,144000,144000,,,,{},,JWP-88,,,32,,0|i0000e:od,JwProgra Sprint 3,,,5.0,,,,,
Create Person,JWP-10,10009,Story,To Do,JWP,jwprogram,software,admin,,,High,,,admin,admin,28/Jun/16 9:25 AM,04/Mar/17 4:40 PM,24/Feb/18 2:42 PM,,1.0,,0,,"Die Organisation muss noch geladen werden und das 
(/) geschlecht muss aus den Dropdown gesetzt werden können",,denisbittante,57600,57600,,0%,57600,57600,,,,{},,JWP-90,,,10,,0|i0000e:n,JwProgra Sprint 2,JwProgra Sprint 3,,2.0,,,2016-06-28 07:25:49.548,28/Jun/16 9:25 AM;denisbittante;,05/Jul/16 9:55 AM;denisbittante;
Login implementieren,INNT-22,13732,Story,To Do,INNT,Innovationen & Technologien,software,admin,,,Medium,,,admin,admin,22/Nov/17 3:58 PM,24/Feb/18 2:39 PM,24/Feb/18 2:42 PM,,Beta,,0,,,,admin,,,,,,,,,,{},,INNT-2,,,,,0|hzzzyy:d,,,,3.0,,,,,
Vorträge können gesucht werden,INNT-20,13730,Story,In Progress,INNT,Innovationen & Technologien,software,admin,,,Medium,,,admin,admin,22/Nov/17 3:52 PM,24/Feb/18 2:39 PM,24/Feb/18 2:42 PM,,F&F Version,,0,,,,admin,,,,,,,,,,{},,INNT-10,,,,,0|hzzzyy:9,INNT Sprint 1,,,2.0,,,,,
Save Vortrag implementieren,INNT-18,13728,Story,In Progress,INNT,Innovationen & Technologien,software,admin,,,Medium,,,admin,admin,22/Nov/17 3:50 PM,24/Feb/18 2:39 PM,24/Feb/18 2:42 PM,,F&F Version,,0,,,,admin,,,,,,,,,,{},,INNT-10,,,,,0|hzzzyx:i,INNT Sprint 1,,,2.0,,,,,
Berechtigung holen implementieren,INNT-12,13722,Story,To Do,INNT,Innovationen & Technologien,software,admin,,,Medium,,,admin,admin,17/Nov/17 1:34 PM,24/Feb/18 2:39 PM,24/Feb/18 2:42 PM,,Beta,,0,,,,admin,,,,,,,,,,{},,INNT-9,,,,,0|hzzzyw:v,,,,2.0,,,,,
Microservice  erstellen ,INNT-11,13721,Story,To Do,INNT,Innovationen & Technologien,software,admin,,,Medium,,,admin,admin,17/Nov/17 1:34 PM,24/Feb/18 2:39 PM,24/Feb/18 2:42 PM,,Beta,,0,,,,admin,,,,,,,,,,{},,INNT-9,,,,,0|hzzzyw:r,,,,2.0,,,,,
Datenbank für die Aktivitäten erstellen,INNT-7,13717,Story,To Do,INNT,Innovationen & Technologien,software,admin,,,Medium,,,admin,admin,16/Nov/17 10:37 AM,24/Feb/18 2:39 PM,28/Dec/17 7:54 PM,,F&F Version,,0,,,,admin,,,,,,,,,,{},,INNT-15,,,,,0|hzzzyw:i,INNT Sprint 1,,,5.0,,,,,
Rest Schnittstelle erstellen,INNT-6,13716,Story,To Do,INNT,Innovationen & Technologien,software,admin,,,Medium,,,admin,admin,16/Nov/17 10:37 AM,24/Feb/18 2:39 PM,15/Dec/17 12:46 AM,,Beta,,0,,,,admin,,,,,,,,,,{},,INNT-9,,,,,0|hzzzyw:,,,,3.0,,,,,
Der User ist in der Lage Vorträge zu speichern,INNT-3,13713,Story,To Do,INNT,Innovationen & Technologien,software,admin,,,Medium,,,admin,admin,16/Nov/17 9:54 AM,24/Feb/18 2:39 PM,24/Feb/18 2:42 PM,,F&F Version,,0,,,,admin,,,,,,,,,,{},,INNT-2,,,,,0|hzzzyj:,,,,3.0,,,,,
Rest Schnittstelle erstellen für die Vorträge,INNT-17,13727,Story,To Do,INNT,Innovationen & Technologien,software,admin,,,Medium,,,admin,admin,22/Nov/17 3:50 PM,24/Feb/18 2:39 PM,24/Feb/18 2:42 PM,,F&F Version,,0,,"CRUD
",,admin,,,,,,,,,,{},,INNT-10,,,,,0|hzzzyx:,,,,3.0,,,,,
Vorträge können mutiert werden ,INNT-19,13729,Story,To Do,INNT,Innovationen & Technologien,software,admin,,,Medium,,,admin,admin,22/Nov/17 3:52 PM,24/Feb/18 2:39 PM,24/Feb/18 2:42 PM,,F&F Version,,0,,,,admin,,,,,,,,,,{},,INNT-10,,,,,0|hzzzyy:,,,,5.0,,,,,
Personen erstellen,INNT-5,13715,Story,To Do,INNT,Innovationen & Technologien,software,admin,,,Medium,,,admin,admin,16/Nov/17 9:55 AM,24/Feb/18 2:39 PM,15/Dec/17 12:48 AM,,F&F Version,,0,,,,admin,,,,,,,,,,{},,INNT-16,,,,,0|hzzzyv:,,,,4.0,,,,,
Vorträge können an Personen zugewiesen werden,INNT-23,13733,Story,To Do,INNT,Innovationen & Technologien,software,admin,,,Medium,,,admin,admin,22/Nov/17 3:59 PM,24/Feb/18 2:39 PM,18/Dec/17 9:43 PM,,F&F Version,,0,,,,admin,,,,,,,,,,{},,INNT-10,,,,,0|hzzzyy:i,,,,,,,,,
Der Vortragsservice liefert und mutiert Vorträge die der User bearbeitet,INNT-10,13720,Epic,To Do,INNT,Innovationen & Technologien,software,admin,,,Medium,,,admin,admin,16/Nov/17 3:33 PM,22/Nov/17 3:59 PM,24/Feb/18 2:42 PM,,,,0,,,,admin,,,,,,,,,,{},ghx-label-7,,Vortragsservice,To Do,,,0|i00193:,,,,,,,,,
User Interface,INNT-2,13712,Epic,To Do,INNT,Innovationen & Technologien,software,admin,,,Medium,,,admin,admin,16/Nov/17 9:52 AM,22/Nov/17 3:58 PM,24/Feb/18 2:42 PM,,,,0,,,,admin,,,,,,,,,,{},ghx-label-11,,Frontend,To Do,,,0|i0017j:,,,,,,,,,
Restore Password implementieren,INNT-14,13724,Story,To Do,INNT,Innovationen & Technologien,software,admin,,,Medium,,,admin,admin,17/Nov/17 2:00 PM,22/Nov/17 3:56 PM,24/Feb/18 2:42 PM,,,,0,,,,admin,,,,,,,,,,{},,INNT-2,,,,,0|i0018j:,,,,,,,,,
Authetifizierungsservice,INNT-9,13719,Epic,To Do,INNT,Innovationen & Technologien,software,admin,,,Medium,,,admin,admin,16/Nov/17 3:32 PM,17/Nov/17 2:04 PM,24/Feb/18 2:42 PM,,,,0,,,,admin,,,,,,,,,,{},ghx-label-13,,Auth Service,To Do,,,0|i0018v:,,,,,,,,,
Nach diesem Epic soll es möglich sein Personen zu administrieren,INNT-16,13726,Epic,To Do,INNT,Innovationen & Technologien,software,admin,,,Medium,,,admin,admin,17/Nov/17 2:02 PM,17/Nov/17 2:03 PM,24/Feb/18 2:42 PM,,,,0,,,,admin,,,,,,,,,,{},ghx-label-2,,Personen administieren,To Do,,,0|i001a7:,,,,,,,,,
Alles was mit der Persistenz zu tun hat,INNT-15,13725,Epic,To Do,INNT,Innovationen & Technologien,software,admin,,,Medium,,,admin,admin,17/Nov/17 2:01 PM,17/Nov/17 2:01 PM,24/Feb/18 2:42 PM,,,,0,,,,admin,,,,,,,,,,{},ghx-label-5,,Persistence,To Do,,,0|i0019z:,,,,,,,,,
Zum E-Mail versenden gedacht soll Datenempfangen und E-Mail-Templates verwalten,INNT-13,13723,Epic,To Do,INNT,Innovationen & Technologien,software,admin,,,Medium,,,admin,admin,17/Nov/17 2:00 PM,17/Nov/17 2:00 PM,24/Feb/18 2:42 PM,,,,0,,,,admin,,,,,,,,,,{},ghx-label-14,,E-Mail Service,To Do,,,0|i0019r:,,,,,,,,,
Microservice um Personen zu verwalten,INNT-8,13718,Epic,To Do,INNT,Innovationen & Technologien,software,admin,,,Medium,,,admin,admin,16/Nov/17 10:38 AM,16/Nov/17 10:38 AM,24/Feb/18 2:42 PM,,,,0,,,,admin,,,,,,,,,,{},ghx-label-12,,Personen Service,To Do,,,0|i0018n:,,,,,,,,,
The user wants to receive or unsubscribe from emails,JWP-111,13500,Story,To Do,JWP,jwprogram,software,admin,,,Medium,,,admin,admin,21/Feb/17 1:21 PM,11/Mar/17 7:11 AM,24/Feb/18 2:42 PM,,1.2,,0,,,,admin,,,,,,,,,,{},,JWP-87,,,,,0|i0014n:,,,,,,,,,
der User will die Email verfiziert haben,JWP-37,10036,Story,To Do,JWP,jwprogram,software,admin,,,Medium,,,denisbittante,admin,15/Aug/16 12:34 AM,11/Mar/17 7:11 AM,24/Feb/18 2:42 PM,,1.1,,0,Email,,,denisbittante,28800,28800,,0%,28800,28800,,,,{},,JWP-87,,,37,,0|i0012g:i,JwProgra Sprint 5,,,1.0,,,,,
The user wants to be able to reset his password when forgotten,JWP-82,10725,Story,To Do,JWP,jwprogram,software,admin,,,Medium,,,admin,admin,05/Sep/16 9:08 PM,11/Mar/17 7:10 AM,24/Feb/18 2:42 PM,,1.0,,0,,,,admin,86400,86400,,0%,86400,86400,,,,{},,JWP-87,,,,,0|i0012g:,JwProgra Sprint 5,,,3.0,,,,,
Encript passwords ,JWP-68,10711,Story,To Do,JWP,jwprogram,software,admin,,,Medium,,,admin,admin,04/Sep/16 7:18 PM,11/Mar/17 7:10 AM,24/Feb/18 2:42 PM,,1.0,,0,,,,admin,28800,28800,,0%,28800,28800,,,,{},,JWP-87,,,,,0|i0012h:,JwProgra Sprint 5,,,1.0,,,,,
The developer wants to use swagger to document his rest-api,JWP-112,13600,Story,To Do,JWP,jwprogram,software,admin,,,Medium,,,admin,admin,11/Mar/17 7:09 AM,11/Mar/17 7:09 AM,24/Feb/18 2:42 PM,,,,0,,,,admin,28800,28800,,0%,28800,28800,,,,{},,JWP-89,,,,,0|i0014v:,,,,,,,,,
The programmer want to use swagger and more Rest-Connections to eddit and add information,JWP-89,13104,Epic,To Do,JWP,jwprogram,software,admin,,,Medium,,,admin,admin,19/Jan/17 9:40 PM,11/Mar/17 7:09 AM,24/Feb/18 2:42 PM,,,,0,,,,admin,,,,,,,,,,{},ghx-label-12,,Rest ,To Do,,,0|i0010f:,,,,,,,,,
Create Assignemnt Slips,JWP-49,10100,Story,To Do,JWP,jwprogram,software,admin,,,Medium,,admin,admin,admin,16/Aug/16 9:56 AM,11/Mar/17 7:07 AM,24/Feb/18 2:42 PM,,1.0,,0,,,,admin,28800,28800,,0%,28800,28800,,,17/Aug/16 5:57 PM;admin;0DB5FA5A-A4BC-4A7F-8B24-A38D4A54BC7A.JPG;https://denisbittante.atlassian.net/secure/attachment/10000/0DB5FA5A-A4BC-4A7F-8B24-A38D4A54BC7A.JPG,{},,JWP-36,,,,,0|i000an:,,,,1.0,,,,17/Aug/16 6:00 PM;admin;The Report has to be added with Object   Place and Object Tasktype,
Assignment must be able to be accepted,JWP-17,10016,Story,To Do,JWP,jwprogram,software,admin,,,Medium,,,admin,admin,05/Jul/16 10:04 AM,04/Mar/17 4:40 PM,24/Feb/18 2:42 PM,,1.0,,0,,Die Assignments sollen akzeptiert werden können,,denisbittante,28800,28800,,0%,28800,28800,,,,{},,JWP-91,,,17,,0|i0000e:ob,JwProgra Sprint 2,JwProgra Sprint 3,,1.0,,,,,
a user wants to page the results,JWP-22,10021,Story,To Do,JWP,jwprogram,software,admin,,,Medium,,,denisbittante,admin,13/Aug/16 4:02 AM,04/Mar/17 4:38 PM,24/Feb/18 2:42 PM,,1.0,,0,,,,denisbittante,144000,144000,,0%,144000,144000,,,,{},,JWP-85,,,22,,0|i0004n:,,,,5.0,,,,,
The user wants to be able to login change the password his personal information,JWP-87,13102,Epic,To Do,JWP,jwprogram,software,admin,,,Medium,,,admin,admin,19/Jan/17 9:38 PM,21/Feb/17 1:21 PM,24/Feb/18 2:42 PM,,,,0,,,,admin,,,,,,,,,,{},ghx-label-3,,Profile,To Do,,,0|i000zz:,,,,,,,,,
The user wants to arrange the Program Authorization accordingly to they requirments,JWP-86,13101,Epic,To Do,JWP,jwprogram,software,admin,,,Medium,,,admin,admin,19/Jan/17 9:36 PM,21/Feb/17 9:32 AM,24/Feb/18 2:42 PM,,,,0,,,,admin,,,,,,,,,,{},ghx-label-10,,Authorization,To Do,,,0|i000zr:,,,,,,,,,
The domain-Admin wants to admin Person in his domain,JWP-90,13105,Epic,To Do,JWP,jwprogram,software,admin,,,Medium,,,admin,admin,19/Jan/17 9:41 PM,21/Feb/17 9:32 AM,24/Feb/18 2:42 PM,,,,0,,,,admin,,,,,,,,,,{},ghx-label-1,,Usermanagement,To Do,,,0|i0010n:,,,,,,,,,
A User wants to connect a Person with User,JWP-44,10043,Story,To Do,JWP,jwprogram,software,admin,,,Medium,,,admin,admin,15/Aug/16 1:06 AM,21/Feb/17 9:32 AM,24/Feb/18 2:42 PM,,1.0,,0,,,,admin,57600,57600,,0%,57600,57600,,,,{},,JWP-90,,,,,0|i0000e:ni,JwProgra Sprint 2,JwProgra Sprint 3,,2.0,,,,,
An ProgramOwner want to create a Group,JWP-45,10044,Story,In Progress,JWP,jwprogram,software,admin,,,Medium,,,admin,admin,15/Aug/16 1:07 AM,21/Feb/17 9:31 AM,24/Feb/18 2:42 PM,,1.0,,0,,,,admin,57600,57600,,0%,57600,57600,,,,{},,JWP-90,,,,,0|i00005:,JwProgra Sprint 2,JwProgra Sprint 3,,2.0,,,,,
User zu Rollen hinzufügen,JWP-110,13404,Story,To Do,JWP,jwprogram,software,admin,,,Medium,,,admin,admin,20/Feb/17 7:30 PM,20/Feb/17 7:35 PM,24/Feb/18 2:42 PM,,,,0,,,,admin,,,,,,,,,,{},,,,,,,0|i0014f:,,,,,,,,,
Gruppen erstellen,JWP-109,13403,Story,To Do,JWP,jwprogram,software,admin,,,Medium,,,admin,admin,20/Feb/17 7:29 PM,20/Feb/17 7:29 PM,24/Feb/18 2:42 PM,,,,0,,,,admin,,,,,,,,,,{},,JWP-90,,,,,0|i00147:,,,,,,,,,
The user wants some nice features for his Homescreen,JWP-98,13113,Epic,To Do,JWP,jwprogram,software,admin,,,Medium,,,admin,admin,19/Jan/17 10:46 PM,20/Feb/17 7:27 PM,24/Feb/18 2:42 PM,,,,0,,,,admin,,,,,,,,,,{},ghx-label-12,,Homescreen,To Do,,,0|i0011z:,,,,,,,,,
calendar abonament,JWP-96,13111,Epic,To Do,JWP,jwprogram,software,admin,,,Medium,,,admin,admin,19/Jan/17 10:43 PM,20/Feb/17 7:18 PM,24/Feb/18 2:42 PM,,,,0,,,,admin,,,,,,,,,,{},ghx-label-13,,Calendar abonament,To Do,,,0|i0011j:,,,,,,,,,
the user wants to see his vacation in his own calendar,JWP-107,13401,Story,To Do,JWP,jwprogram,software,admin,,,Medium,,,admin,admin,20/Feb/17 7:18 PM,20/Feb/17 7:18 PM,24/Feb/18 2:42 PM,,,,0,,,,admin,,,,,,,,,,{},,JWP-96,,,,,0|i0013r:,,,,,,,,,
the user wants to see his tasks in his own calendar,JWP-79,10722,Story,To Do,JWP,jwprogram,software,admin,,,Medium,,,admin,admin,05/Sep/16 12:03 PM,20/Feb/17 7:16 PM,24/Feb/18 2:42 PM,,1.2,,0,,,,admin,144000,144000,,0%,144000,144000,,,,{},,JWP-96,,,,,0|i000gn:,,,,5.0,,,,,
calendar abonament,JWP-106,13400,Story,To Do,JWP,jwprogram,software,admin,,,Medium,,,admin,admin,20/Feb/17 7:16 PM,20/Feb/17 7:16 PM,24/Feb/18 2:42 PM,,,,0,,,,admin,,,,,,,,,,{},,,,,,,0|i0013j:,,,,,,,,,
The user wants to have angular with Prototype Faces as Application UI,JWP-85,13100,Epic,To Do,JWP,jwprogram,software,admin,,,Medium,,,admin,admin,19/Jan/17 9:35 PM,29/Jan/17 11:21 PM,24/Feb/18 2:42 PM,,,,0,,,,admin,,,,,,,,,,{},ghx-label-5,,Angular Gui,To Do,,,0|i000zj:,,,,,,,,,
Study Angular for the Project,JWP-105,13302,Epic,To Do,JWP,jwprogram,software,admin,,,Medium,,,admin,admin,29/Jan/17 11:21 PM,29/Jan/17 11:21 PM,24/Feb/18 2:42 PM,,,,0,,,,admin,,,,,,,,,,{},ghx-label-2,,Learn Angular,To Do,,,0|i0013b:,,,,,,,,,
Read about Promise : http://exploringjs.com/es6/ch_promises.html,JWP-103,13300,Story,To Do,JWP,jwprogram,software,admin,,,Medium,,,admin,admin,29/Jan/17 11:20 PM,29/Jan/17 11:21 PM,24/Feb/18 2:42 PM,,,,0,,,,admin,,,,,,,,,,{},,JWP-105,,,,,0|i0012v:,,,,,,,,,
Read about  Arrow Functions: https://developer.mozilla.org/en-US/docs/Web/JavaScript/Reference/Functions/Arrow_functions,JWP-104,13301,Story,To Do,JWP,jwprogram,software,admin,,,Medium,,,admin,admin,29/Jan/17 11:20 PM,29/Jan/17 11:21 PM,24/Feb/18 2:42 PM,,,,0,,,,admin,,,,,,,,,,{},,JWP-105,,,,,0|i00133:,,,,,,,,,
Autoassignemnt Business Implementieren,JWP-102,13201,Story,To Do,JWP,jwprogram,software,admin,,,Medium,,,admin,admin,22/Jan/17 3:12 PM,22/Jan/17 3:14 PM,24/Feb/18 2:42 PM,,1.2,,0,,"The user want to find out who of the group for that specific tasktype is;
* not in vacation
* not used somewhere  else (other task) colision
* most likely free
* has the least assignments to do in that time span 
* has the least assignment in th last 24 hours",,admin,,,,,,,,,,{},,JWP-101,,,,,0|i0012j:,,,,,,,,,
The user wants so find out who is able to do a certain task.,JWP-101,13200,Epic,To Do,JWP,jwprogram,software,admin,,,Medium,,,admin,admin,22/Jan/17 3:09 PM,22/Jan/17 3:12 PM,24/Feb/18 2:42 PM,,,,0,,,,admin,,,,,,,,,,{},ghx-label-5,,Auto Assignment,To Do,,,0|i0012n:,,,,,,,,,
The user wants to be able to print the Programm Overview,JWP-99,13114,Epic,To Do,JWP,jwprogram,software,admin,,,Medium,,,admin,admin,19/Jan/17 10:47 PM,19/Jan/17 10:50 PM,24/Feb/18 2:42 PM,,,,0,,,,admin,,,,,,,,,,{},ghx-label-6,,Printable Programm Overview,To Do,,,0|i0011f:,,,,,,,,,
Stuff not necessary for the user,JWP-39,10038,Epic,To Do,JWP,jwprogram,software,admin,,,Medium,,,admin,admin,15/Aug/16 12:54 AM,19/Jan/17 10:49 PM,24/Feb/18 2:42 PM,,,,0,,,,admin,,,,,,,,,,{},ghx-label-1,,Technical Debts,To Do,,,0|i000fv:,,,,,,,,,
Reporting,JWP-36,10035,Epic,To Do,JWP,jwprogram,software,admin,,,Medium,,,denisbittante,admin,15/Aug/16 12:34 AM,19/Jan/17 10:47 PM,24/Feb/18 2:42 PM,,,,0,Reporting,,,denisbittante,,,,,,,,,,{},ghx-label-13,,Reporting,,36,,0|i0007r:,,,,,,,,,
programoverview with notes spaces,JWP-76,10719,Story,To Do,JWP,jwprogram,software,admin,,,Medium,,,admin,admin,05/Sep/16 1:50 AM,19/Jan/17 10:47 PM,24/Feb/18 2:42 PM,,1.2,,0,,,,admin,28800,28800,,0%,28800,28800,,,,{},,JWP-99,,,,,0|i000fz:,,,,1.0,,,,,
Calendar with my task to do displayed,JWP-57,10700,Story,To Do,JWP,jwprogram,software,admin,,,Medium,,,admin,admin,04/Sep/16 6:50 PM,19/Jan/17 10:46 PM,24/Feb/18 2:42 PM,,1.1,,0,,The user should see his own assignemt in a different color on his calendar,,admin,28800,28800,,0%,28800,28800,,,,{},,JWP-98,,,,,0|i000br:,,,,1.0,,,,,
Startpage with Overview with my Assignments,JWP-58,10701,Story,To Do,JWP,jwprogram,software,admin,,,Medium,,,admin,admin,04/Sep/16 6:50 PM,19/Jan/17 10:46 PM,24/Feb/18 2:42 PM,,1.1,,0,,Means instead of calendar there should be the upcomming assignements ,,admin,28800,28800,,0%,28800,28800,,,,{},,JWP-98,,,,,0|i000bz:,,,,1.0,,,,,
The user wants to connect and download calendars,JWP-93,13108,Epic,To Do,JWP,jwprogram,software,admin,,,Medium,,,admin,admin,19/Jan/17 9:56 PM,19/Jan/17 10:44 PM,24/Feb/18 2:42 PM,,,,0,,,,admin,,,,,,,,,,{},ghx-label-12,,iCalender implementation,To Do,,,0|i0011b:,,,,,,,,,
The user wants to download iCal of his Vacation,JWP-97,13112,Epic,To Do,JWP,jwprogram,software,admin,,,Medium,,,admin,admin,19/Jan/17 10:44 PM,19/Jan/17 10:44 PM,24/Feb/18 2:42 PM,,,,0,,,,admin,,,,,,,,,,{},ghx-label-3,,Download iCal of Vacation,To Do,,,0|i0011r:,,,,,,,,,
the user wants to download an ical of a vacation,JWP-77,10720,Story,To Do,JWP,jwprogram,software,admin,,,Medium,,,admin,admin,05/Sep/16 12:03 PM,19/Jan/17 10:44 PM,24/Feb/18 2:42 PM,,1.2,,0,,,,admin,57600,57600,,0%,57600,57600,,,,{},,JWP-97,,,,,0|i000g7:,,,,2.0,,,,,
History if Status =100 then <User> created on <Date>,JWP-65,10708,Story,To Do,JWP,jwprogram,software,admin,,,Medium,,,admin,admin,04/Sep/16 7:07 PM,19/Jan/17 10:35 PM,24/Feb/18 2:42 PM,,1.0,,0,,,,admin,28800,28800,,0%,28800,28800,,,,{},,JWP-75,,,,,0|i0000e:v,JwProgra Sprint 2,JwProgra Sprint 3,,1.0,,,,,
When created an assignment the Id for the assignment is null in the history so there will never be displayed in the history,JWP-81,10724,Bug,To Do,JWP,jwprogram,software,admin,,,Medium,,,admin,admin,05/Sep/16 9:08 PM,19/Jan/17 10:34 PM,24/Feb/18 2:42 PM,,1.0,,0,,,,admin,,,,,,,,,,{},,JWP-75,,,,,0|i0005n:,,,,,,,,,
"Session over, Login produces Error",JWP-83,10800,Story,To Do,JWP,jwprogram,software,admin,,,Medium,,,admin,admin,20/Sep/16 1:41 AM,19/Jan/17 10:29 PM,24/Feb/18 2:42 PM,,1.0,,0,,"Every time the session ends the user has to reauthenticate, while doing that he looses the context and the flow does not know the eventid anymore cause it is not in the request header anymore. The flow should be programmed so that in case the eventid is null he will be redirected to the homepage. ",,admin,28800,28800,,0%,28800,28800,,,,{},,JWP-85,,,,,0|hzzzzj:,,,,,,,,,
Finish Datamodel,JWP-94,13109,Story,To Do,JWP,jwprogram,software,admin,,,Medium,,,admin,admin,19/Jan/17 10:24 PM,19/Jan/17 10:24 PM,24/Feb/18 2:42 PM,,,,0,,the Datamodel with only Assignments and the possibility to extend them to be events or Programms has to be implemented,,admin,28800,28800,,0%,28800,28800,,,,{},,JWP-91,,,,,0|hzzzyz:,JwProgra Sprint 4,,,,,,,,
The user wants to create assignments and edit them as also give them to others to do,JWP-91,13106,Epic,To Do,JWP,jwprogram,software,admin,,,Medium,,,admin,admin,19/Jan/17 9:42 PM,19/Jan/17 10:24 PM,24/Feb/18 2:42 PM,,,,0,,,,admin,,,,,,,,,,{},ghx-label-6,,Assignments,To Do,,,0|i0010v:,,,,,,,,,
A Programmowner want to be able to define the accessright for a group,JWP-47,10046,Story,To Do,JWP,jwprogram,software,admin,,,Medium,,,admin,admin,15/Aug/16 1:09 AM,19/Jan/17 10:18 PM,24/Feb/18 2:42 PM,,1.0,,0,,,,admin,86400,86400,,0%,86400,86400,,,,{},,JWP-86,,,,,0|i0000e:o9,JwProgra Sprint 2,JwProgra Sprint 3,,3.0,,,,,
A Programowner want to connect a Program with a Group,JWP-46,10045,Story,To Do,JWP,jwprogram,software,admin,,,Medium,,,admin,admin,15/Aug/16 1:09 AM,19/Jan/17 10:17 PM,24/Feb/18 2:42 PM,,1.0,,0,,,,admin,86400,86400,,0%,86400,86400,,,,{},,JWP-86,,,,,0|i0000e:oi,JwProgra Sprint 2,JwProgra Sprint 3,,3.0,,,,,
Program detail load History,JWP-64,10707,Story,In Progress,JWP,jwprogram,software,admin,,,Medium,,,admin,admin,04/Sep/16 7:07 PM,19/Jan/17 10:17 PM,24/Feb/18 2:42 PM,,1.0,,0,,,,admin,3600,3600,,0%,3600,3600,,,,{},,JWP-75,,,,,0|hzzzzn:,,,,1.0,,,,,
The admin wants to define the groups and add it to the different programs setting up who can read and who can edit an assignment ,JWP-72,10715,Story,To Do,JWP,jwprogram,software,admin,,,Medium,,,admin,admin,04/Sep/16 8:08 PM,19/Jan/17 10:17 PM,24/Feb/18 2:42 PM,,1.0,,0,,,,admin,144000,144000,,0%,144000,144000,,,,{},,JWP-86,,,,,0|i0000e:ov,JwProgra Sprint 2,JwProgra Sprint 3,,5.0,,,,,
ProgramEdit load Organisation drop down,JWP-61,10704,Story,To Do,JWP,jwprogram,software,admin,,,Medium,,,admin,admin,04/Sep/16 7:02 PM,19/Jan/17 10:17 PM,24/Feb/18 2:42 PM,,1.0,,0,,,,admin,28800,28800,,0%,28800,28800,,,,{},,JWP-91,,,,,0|i0000e:ox,JwProgra Sprint 2,JwProgra Sprint 3,,1.0,,,,,
Assignment has to be constrained by the Event in which it is in. If the Event is longer than one day then the Assignment can be also longer then a day else the date is fixed and the time can be changed,JWP-70,10713,Story,To Do,JWP,jwprogram,software,admin,,,Medium,,,admin,admin,04/Sep/16 8:03 PM,19/Jan/17 10:17 PM,24/Feb/18 2:42 PM,,1.1,,0,,,,admin,28800,28800,,0%,28800,28800,,,,{},,JWP-91,,,,,0|i000en:,,,,1.0,,,,,
it should be able to search in Assignments,JWP-21,10020,Story,To Do,JWP,jwprogram,software,admin,,,Medium,,,denisbittante,admin,13/Aug/16 4:02 AM,19/Jan/17 10:16 PM,24/Feb/18 2:42 PM,,1.1,,0,Assignment,,,denisbittante,144000,144000,,0%,144000,144000,,,,{},,JWP-91,,,21,,0|i0004f:,,,,5.0,,,,,
"History has to be created for the Person, when was the Person created, connected",JWP-48,10047,Story,To Do,JWP,jwprogram,software,admin,,,Medium,,,admin,admin,15/Aug/16 1:15 AM,19/Jan/17 10:16 PM,24/Feb/18 2:42 PM,,1.1,,0,,,,admin,86400,86400,,0%,86400,86400,,,,{},,JWP-75,,,,,0|i000af:,,,,3.0,,,,,
Create Object,JWP-51,10201,Story,To Do,JWP,jwprogram,software,admin,,,Medium,,,admin,admin,17/Aug/16 6:05 PM,19/Jan/17 10:15 PM,24/Feb/18 2:42 PM,,1.1,,0,,"An Objekt is an Entity of something like a Place with or without options. 
If Options are defined the It will be defined as checkbox with multiple selections
",,admin,144000,144000,,0%,144000,144000,,,18/Aug/16 11:35 AM;admin;08-18-2016+11:34:27.JPG;https://denisbittante.atlassian.net/secure/attachment/10100/08-18-2016%2B11%3A34%3A27.JPG,{},,JWP-92,,,,,0|i000b3:,,,,5.0,,,,,
Local Read from UserSettings,JWP-56,10601,Story,To Do,JWP,jwprogram,software,admin,,,Medium,,,admin,admin,31/Aug/16 4:56 PM,19/Jan/17 10:15 PM,24/Feb/18 2:42 PM,,1.1,,0,,,,admin,28800,28800,,0%,28800,28800,,,,{},,JWP-87,,,,,0|i000bj:,,,,3.0,,,,,
The user want on mobile devices to see the calendar inlined cause it's easiert to handle,JWP-73,10716,Story,To Do,JWP,jwprogram,software,admin,,,Medium,,,admin,admin,05/Sep/16 12:13 AM,19/Jan/17 10:15 PM,24/Feb/18 2:42 PM,,1.1,,0,,,,admin,28800,28800,,0%,28800,28800,,,,{},,JWP-85,,,,,0|i000fb:,,,,1.0,,,,,
The user want to have a chance to define if Event happens in one or more days. ,JWP-69,10712,Story,To Do,JWP,jwprogram,software,admin,,,Medium,,,admin,admin,04/Sep/16 7:56 PM,19/Jan/17 10:14 PM,24/Feb/18 2:42 PM,,1.2,,0,,The Idea is to have a checkbox that says: is a oneday event from time to time.,,admin,28800,28800,,0%,28800,28800,,,,{},,JWP-91,,,,,0|i000b7:,,,,1.0,,,,,
Reppoting by Object ,JWP-52,10300,Story,To Do,JWP,jwprogram,software,admin,,,Medium,,,admin,admin,18/Aug/16 5:25 PM,19/Jan/17 10:14 PM,24/Feb/18 2:42 PM,,1.2,,0,,The programmowner wants to create reports about how often a person had a certain Object in an assignment,,admin,57600,57600,,0%,57600,57600,,,,{},,JWP-36,,,,,0|i000bb:,,,,2.0,,,,,
UserStories,JWP-43,10042,Epic,To Do,JWP,jwprogram,software,admin,,,Medium,,,admin,admin,15/Aug/16 12:59 AM,19/Jan/17 9:57 PM,24/Feb/18 2:42 PM,,,,0,,,,admin,,,,,,,,,,{},ghx-label-11,,Business Requirement,Done,,,0|i0009b:,,,,,,,,,
Gui specific stuff ,JWP-40,10039,Epic,To Do,JWP,jwprogram,software,admin,,,Medium,,,admin,admin,15/Aug/16 12:54 AM,19/Jan/17 9:56 PM,24/Feb/18 2:42 PM,,,,0,,,,admin,,,,,,,,,,{},ghx-label-4,,Looks,Done,,,0|i0008b:,,,,,,,,,
nice to have,JWP-41,10040,Epic,To Do,JWP,jwprogram,software,admin,,,Medium,,,admin,admin,15/Aug/16 12:55 AM,19/Jan/17 9:53 PM,24/Feb/18 2:42 PM,,,,0,,,,admin,,,,,,,,,,{},ghx-label-7,,Nice To Have,Done,,,0|i0008a:,,,,,,,,,
The user wants to add more information to an assignment,JWP-92,13107,Epic,To Do,JWP,jwprogram,software,admin,,,Medium,,,admin,admin,19/Jan/17 9:52 PM,19/Jan/17 9:52 PM,24/Feb/18 2:42 PM,,,,0,,,,admin,,,,,,,,,,{},ghx-label-4,,Object Extension,To Do,,,0|i00113:,,,,,,,,,
Empty auf den Seiten haben zum Problem geführt dass es oben immer viel Platz gebraucht wird,JWP-5,10004,Bug,To Do,JWP,jwprogram,software,admin,,,Medium,,,denisbittante,admin,28/Jun/16 9:21 AM,19/Jan/17 9:52 PM,24/Feb/18 2:42 PM,,1.1,,0,,,,denisbittante,,,,,,,,,,{},,JWP-85,,,5,,0|i0006j:,,,,,,,,,
History Stories,JWP-75,10718,Epic,To Do,JWP,jwprogram,software,admin,,,Medium,,,admin,admin,05/Sep/16 1:22 AM,19/Jan/17 9:50 PM,24/Feb/18 2:42 PM,,,,0,,,,admin,,,,,,,,,,{},ghx-label-1,,History,To Do,,,0|i000fr:,,,,,,,,,
Templates erstellen können,JWP-35,10034,Epic,To Do,JWP,jwprogram,software,admin,,,Medium,,,denisbittante,admin,15/Aug/16 12:33 AM,19/Jan/17 9:46 PM,24/Feb/18 2:42 PM,,,,0,ProgramTemplate,,,denisbittante,,,,,,,,,,{},ghx-label-2,,Template,Done,35,,0|i0007j:,,,,,,,,,
The user wants to create his absences and/or manage of the person of this domain,JWP-88,13103,Epic,To Do,JWP,jwprogram,software,admin,,,Medium,,,admin,admin,19/Jan/17 9:40 PM,19/Jan/17 9:43 PM,24/Feb/18 2:42 PM,,,,0,,,,admin,,,,,,,,,,{},ghx-label-12,,Absence,To Do,,,0|i00107:,,,,,,,,,
The language has to be saved.,JWP-54,10500,Story,To Do,JWP,jwprogram,software,admin,,,Low,,,admin,admin,30/Aug/16 8:04 AM,11/Mar/17 7:11 AM,24/Feb/18 2:42 PM,,1.0,,0,,The language has to be saved to send the right text. The language should be able to be changed in the profiles settings,,admin,28800,28800,,0%,28800,28800,,,,{},,JWP-87,,,,,0|i0006o:,JwProgra Sprint 1,JwProgra Sprint 2,,2.0,,,,,
the user should be able to define how many entries he wants to see,JWP-23,10022,Story,To Do,JWP,jwprogram,software,admin,,,Low,,,denisbittante,admin,13/Aug/16 4:03 AM,19/Jan/17 10:35 PM,24/Feb/18 2:42 PM,,1.1,,0,,,,denisbittante,144000,144000,,0%,144000,144000,,,,{},,JWP-87,,,23,,0|i0006t:,,,,5.0,,,,,
the selected menu item should been highlighted,JWP-18,10017,Story,To Do,JWP,jwprogram,software,admin,,,Low,,,denisbittante,admin,07/Aug/16 7:58 PM,19/Jan/17 10:35 PM,24/Feb/18 2:42 PM,,1.1,,0,,"The menu should have selected a class when the user is in the context of the menuitem. It's been defined already a html-class active : 
<li class=""active"">

the corresponding menu-item has to be found through jQuery.",,denisbittante,10800,10800,,0%,10800,10800,,,,{},,JWP-85,,,18,,0|i000ha:d,,,,1.0,,,,,
The user wants to sort,JWP-24,10023,Story,To Do,JWP,jwprogram,software,admin,,,Low,,,denisbittante,admin,13/Aug/16 4:11 AM,19/Jan/17 10:34 PM,24/Feb/18 2:42 PM,,1.0,,0,,,,denisbittante,57600,57600,,0%,57600,57600,,,,{},,JWP-85,,,24,,0|i00053:,,,,2.0,,,,,
WAR packing,JWP-9,10008,Story,To Do,JWP,jwprogram,software,admin,,,Lowest,,,denisbittante,admin,28/Jun/16 9:24 AM,19/Jan/17 10:34 PM,24/Feb/18 2:42 PM,,1.1,,0,,original html is not needed and maybe there is some other jar which are not needed as well.,,denisbittante,28800,28800,,0%,28800,28800,,,,{},,JWP-39,,,9,,0|i000ha:b,,,,1.0,,,,05/Jul/16 9:58 AM;denisbittante;,04/Aug/16 6:03 AM;denisbittante;
